Timestamp,Vote for your least favorite season!
8/9/2020 15:01:04,Season 8
8/9/2020 15:01:59,Season 8
8/9/2020 15:02:33,Season 8
8/9/2020 15:03:59,Season 8
8/9/2020 15:04:08,Season 3
8/9/2020 15:04:14,Thailand Season 2
8/9/2020 15:04:48,Thailand Season 2
8/9/2020 15:05:25,Thailand Season 2
8/9/2020 15:05:35,Season 3
8/9/2020 15:07:47,Season 8
8/9/2020 15:10:28,Thailand Season 2
8/9/2020 15:11:57,All Stars 4
8/9/2020 15:12:14,Season 12
8/9/2020 15:13:35,Season 8
8/9/2020 15:14:13,All Stars 4
8/9/2020 15:17:00,All Stars 4
8/9/2020 15:17:14,Season 6
8/9/2020 15:19:07,Season 9
8/9/2020 15:20:26,Season 3
8/9/2020 15:21:00,Season 12
8/9/2020 15:21:52,Season 4
8/9/2020 15:26:10,Season 12
8/9/2020 15:31:43,Season 6
8/9/2020 15:32:00,All Stars 2
8/9/2020 15:33:30,Thailand Season 2
8/9/2020 15:33:34,Season 4
8/9/2020 15:34:08,Thailand Season 2
8/9/2020 15:34:18,Season 4
8/9/2020 15:34:43,Thailand Season 2
8/9/2020 15:35:20,Season 8
8/9/2020 15:39:26,All Stars 4
8/9/2020 15:43:52,Season 2
8/9/2020 15:48:43,Season 8
8/9/2020 15:49:41,UK Season 1
8/9/2020 15:50:20,Thailand Season 2
8/9/2020 15:53:31,Thailand Season 2
8/9/2020 15:54:28,Season 4
8/9/2020 15:54:57,Thailand Season 2
8/9/2020 15:55:56,Season 8
8/9/2020 15:57:43,Season 3
8/9/2020 15:58:15,Season 8
8/9/2020 16:01:30,All Stars 2
8/9/2020 16:02:34,Season 9
8/9/2020 16:02:34,Season 4
8/9/2020 16:03:31,Season 8
8/9/2020 16:03:41,Season 4
8/9/2020 16:05:24,Season 4
8/9/2020 16:06:06,All Stars 4
8/9/2020 16:09:03,Season 8
8/9/2020 16:11:28,Season 2
8/9/2020 16:22:13,All Stars 4
8/9/2020 16:22:17,Season 3
8/9/2020 16:26:17,Thailand Season 2
8/9/2020 16:27:41,Season 8
8/9/2020 16:34:07,Season 8
8/9/2020 16:43:26,Thailand Season 2
8/9/2020 16:44:39,Thailand Season 2
8/9/2020 16:46:16,Season 9
8/9/2020 16:47:58,Thailand Season 2
8/9/2020 16:48:15,Season 5
8/9/2020 17:07:25,Thailand Season 2
8/9/2020 17:10:15,All Stars 4
8/9/2020 17:12:30,Season 2
8/9/2020 17:14:28,Season 8
8/9/2020 17:15:41,UK Season 1
8/9/2020 17:16:34,All Stars 4
8/9/2020 17:18:57,Season 2
8/9/2020 17:19:07,Season 4
8/9/2020 17:19:20,Season 2
8/9/2020 17:26:02,All Stars 4
8/9/2020 17:26:20,Season 8
8/9/2020 17:36:28,Thailand Season 2
8/9/2020 17:38:55,Season 4
8/9/2020 17:39:15,Thailand Season 2
8/9/2020 17:40:23,Season 6
8/9/2020 17:43:28,Season 3
8/9/2020 17:46:27,Thailand Season 2
8/9/2020 17:46:37,Season 8
8/9/2020 17:57:47,Season 2
8/9/2020 18:07:11,Season 2
8/9/2020 18:17:40,Season 8
8/9/2020 18:21:38,Season 3
8/9/2020 18:26:27,Season 8
8/9/2020 18:31:31,Season 2
8/9/2020 18:33:52,Season 8
8/9/2020 18:34:51,Season 2
8/9/2020 18:36:22,Season 8
8/9/2020 18:43:26,Season 4
8/9/2020 18:45:52,Season 8
8/9/2020 18:48:57,All Stars 4
8/9/2020 19:11:21,Thailand Season 2
8/9/2020 19:17:30,Season 9
8/9/2020 19:17:32,Season 4
8/9/2020 19:22:45,Season 8
8/9/2020 19:44:07,All Stars 4
8/9/2020 19:46:35,Thailand Season 2
8/9/2020 20:20:06,Season 8
8/9/2020 20:22:44,Season 9
8/9/2020 20:41:17,Season 4
8/9/2020 20:42:42,Season 6
8/9/2020 20:53:09,Season 4
8/9/2020 20:53:13,Season 4
8/9/2020 21:19:05,All Stars 4
8/9/2020 21:21:25,Season 12
8/9/2020 21:29:13,All Stars 4
8/9/2020 21:45:40,Season 4
8/9/2020 22:12:42,Thailand Season 2
8/9/2020 23:10:15,Season 8
8/9/2020 23:13:19,Season 2
8/9/2020 23:20:20,Season 2
8/9/2020 23:44:47,Season 2
8/10/2020 0:43:46,Season 8
8/10/2020 1:39:38,Season 8
8/10/2020 2:02:37,Season 4
8/10/2020 2:23:33,Thailand Season 2
8/10/2020 2:25:55,UK Season 1
8/10/2020 2:31:02,Season 12
8/10/2020 2:42:34,Thailand Season 2
8/10/2020 2:44:42,Season 8
8/10/2020 2:48:40,Season 9
8/10/2020 3:12:34,Thailand Season 2
8/10/2020 3:12:45,Season 5
8/10/2020 4:32:35,All Stars 4
8/10/2020 5:33:12,Season 6
8/10/2020 5:55:56,Season 8
8/10/2020 6:25:18,Season 2
8/10/2020 7:12:32,Season 8
8/10/2020 8:45:38,Season 8
8/10/2020 8:53:48,Season 2
8/10/2020 11:08:13,Thailand Season 2
8/10/2020 11:17:14,Thailand Season 2
8/10/2020 11:25:34,Season 4
8/10/2020 11:28:25,Thailand Season 2